DiscoverX Gene Symbol,Protein Name,Protein Family,Species,Accession Number,Construct Description,Construct Length,Main Panel,AA Start/Stop
AAK1,AP2 associated kinase 1,Other,Human,NP_055726.3,Wild Type,Partial Length,scanMAX,G25/L333
ABL1(E255K)-phosphorylated,"c-abl oncogene 1, receptor tyrosine kinase",TK,Human,NP_005148.2,Mutation (E255K),Partial Length,"scanMAX, scanEDGE",S229/K512
ABL1(F317I)-nonphosphorylated,"c-abl oncogene 1, receptor tyrosine kinase",TK,Human,NP_005148.2,Mutation (F317I),Partial Length,scanMAX,S229/K512
ABL1(F317I)-phosphorylated,"c-abl oncogene 1, receptor tyrosine kinase",TK,Human,NP_005148.2,Mutation (F317I),Partial Length,scanMAX,S229/K512
ABL1(F317L)-nonphosphorylated,"c-abl oncogene 1, receptor tyrosine kinase",TK,Human,NP_005148.2,Mutation (F317L),Partial Length,scanMAX,S229/K512
ABL1(F317L)-phosphorylated,"c-abl oncogene 1, receptor tyrosine kinase",TK,Human,NP_005148.2,Mutation (F317L),Partial Length,scanMAX,S229/K512
ABL1(H396P)-nonphosphorylated,"c-abl oncogene 1, receptor tyrosine kinase",TK,Human,NP_005148.2,Mutation (H396P),Partial Length,scanMAX,S229/K512
ABL1(H396P)-phosphorylated,"c-abl oncogene 1, receptor tyrosine kinase",TK,Human,NP_005148.2,Mutation (H396P),Partial Length,scanMAX,S229/K512
ABL1(M351T)-phosphorylated,"c-abl oncogene 1, receptor tyrosine kinase",TK,Human,NP_005148.2,Mutation (M351T),Partial Length,scanMAX,S229/K512
ABL1(Q252H)-nonphosphorylated,"c-abl oncogene 1, receptor tyrosine kinase",TK,Human,NP_005148.2,Mutation (Q252H),Partial Length,scanMAX,S229/K512
ABL1(Q252H)-phosphorylated,"c-abl oncogene 1, receptor tyrosine kinase",TK,Human,NP_005148.2,Mutation (Q252H),Partial Length,scanMAX,S229/K512
ABL1(T315I)-nonphosphorylated,"c-abl oncogene 1, receptor tyrosine kinase",TK,Human,NP_005148.2,Mutation (T315I),Partial Length,scanMAX,S229/K512
ABL1(T315I)-phosphorylated,"c-abl oncogene 1, receptor tyrosine kinase",TK,Human,NP_005148.2,Mutation (T315I),Partial Length,"scanMAX, scanEDGE",S229/K512
ABL1(Y253F)-phosphorylated,"c-abl oncogene 1, receptor tyrosine kinase",TK,Human,NP_005148.2,Mutation (Y253F),Partial Length,scanMAX,S229/K512
ABL1-nonphosphorylated,"c-abl oncogene 1, receptor tyrosine kinase",TK,Human,NP_005148.2,Wild Type,Partial Length,"scanMAX, scanEDGE",S229/K512
ABL1-phosphorylated,"c-abl oncogene 1, receptor tyrosine kinase",TK,Human,NP_005148.2,Wild Type,Partial Length,"scanMAX, scanEDGE",S229/K512
ABL2,"v-abl Abelson murine leukemia viral oncogene homolog 2 (arg, Abelson-related gene)",TK,Human,NP_005149.4,Wild Type,Partial Length,scanMAX,A248/G542
ACVR1,"activin A receptor, type I",TKL,Human,NP_001096.1,Wild Type,Partial Length,scanMAX,C188/C509
ACVR1B,"activin A receptor, type IB",TKL,Human,NP_004293.1,Wild Type,Partial Length,"scanMAX, scanEDGE",S187/I505
ACVR2A,"activin A receptor, type IIA",TKL,Human,NP_001607.1,Wild Type,Partial Length,scanMAX,V171/T499
ACVR2B,"activin A receptor, type IIB",TKL,Human,NP_001097.2,Wild Type,Partial Length,scanMAX,H169/D504
ACVRL1,activin A receptor type II-like 1,TKL,Human,NP_000011.1,Wild Type,Partial Length,scanMAX,L164/Q503
ADCK3,"chaperone, ABC1 activity of bc1 complex homolog (S. pombe)",Atypical,Human,NP_064632.2,Wild Type,Full Length,"scanMAX, scanEDGE",M280/Q647
ADCK4,aarF domain containing kinase 4,Atypical,Human,NP_079152.3,Wild Type,Full Length,scanMAX,M1/S544
AKT1,v-akt murine thymoma viral oncogene homolog 1,AGC,Human,NP_005154.2,Wild Type,Partial Length,"scanMAX, scanEDGE",Null
AKT2,v-akt murine thymoma viral oncogene homolog 2,AGC,Human,NP_001617.1,Wild Type,Partial Length,"scanMAX, scanEDGE",Null
AKT3,"v-akt murine thymoma viral oncogene homolog 3 (protein kinase B, gamma)",AGC,Human,NP_005456.1,Wild Type,Partial Length,scanMAX,Null
ALK,anaplastic lymphoma receptor tyrosine kinase,TK,Human,NP_004295.2,Wild Type,Partial Length,"scanMAX, scanEDGE",I1088/E1409
ALK(1151Tins),anaplastic lymphoma receptor tyrosine kinase,TK,Human,NP_004295.2,Mutation (1151Tins),Partial Length,KdMAX,Null
ALK(C1156Y),anaplastic lymphoma receptor tyrosine kinase,TK,Human,NP_004295.2,Mutation (C1156Y),Partial Length,scanMAX,I1088/E1409
ALK(F1174L),anaplastic lymphoma receptor tyrosine kinase,TK,Human,NP_004295.2,Mutation (F1174L),Partial Length,KdMAX,I1088/E1409
ALK(L1196M),anaplastic lymphoma receptor tyrosine kinase,TK,Human,NP_004295.2,Mutation (L1196M),Partial Length,scanMAX,I1088/E1409
AMPK-alpha1,"protein kinase, AMP-activated, alpha 2 catalytic subunit",CAMK,Human,BAA36547.1,Wild Type,Partial Length,scanMAX,M1/E306
AMPK-alpha2,"protein kinase, AMP-activated, alpha 2 catalytic subunit",CAMK,Human,NP_006243.2,Wild Type,Partial Length,scanMAX,M1/E306
ANKK1,ankyrin repeat and kinase domain containing 1,TKL,Human,NP_848605.1,Wild Type,Partial Length,scanMAX,M1/A305
ARK5,"NUAK family, SNF1-like kinase, 1",CAMK,Human,NP_055655.1,Wild Type,Partial Length,scanMAX,E25/I332
ASK1,mitogen-activated protein kinase kinase kinase 5,STE,Human,NP_005914.1,Wild Type,Partial Length,scanMAX,E648/S964
ASK2,mitogen-activated protein kinase kinase kinase 6,STE,Human,NP_004663.3,Wild Type,Partial Length,scanMAX,M278/R972
AURKA,aurora kinase A,Other,Human,NP_003591.2,Wild Type,Partial Length,"scanMAX, scanEDGE",E122/K401
AURKB,aurora kinase B,Other,Human,EAW90073.1,Wild Type,Partial Length,"scanMAX, scanEDGE",D25/A303
AURKC,aurora kinase C,Other,Human,AAC77369.1,Wild Type,Full Length,scanMAX,M1/S275
AXL,AXL receptor tyrosine kinase,TK,Human,NP_001690.2,Wild Type,Partial Length,"scanMAX, scanEDGE",R497/Y821
BIKE,BMP2 inducible kinase,Other,Human,NP_060063.2,Wild Type,Partial Length,scanMAX,S34/N329
BLK,B lymphoid tyrosine kinase,TK,Human,NP_001706.2,Wild Type,Partial Length,scanMAX,G211/L503
BMPR1A,"bone morphogenetic protein receptor, type IA",TKL,Human,NP_004320.2,Wild Type,Partial Length,scanMAX,Q214/I532
BMPR1B,"bone morphogenetic protein receptor, type IB",TKL,Human,NP_001194.1,Wild Type,Partial Length,scanMAX,D178/L502
BMPR2,"bone morphogenetic protein receptor, type II (serine/threonine kinase)",TKL,Human,NP_001195.2,Wild Type,Partial Length,"scanMAX, scanEDGE",R179/Q526
BMX,BMX non-receptor tyrosine kinase,TK,Human,NP_001712.1,Wild Type,Full Length,scanMAX,M1/H675
BRAF,v-raf murine sarcoma viral oncogene homolog B1,TKL,Human,NP_004324.2,Wild Type,Partial Length,"scanMAX, scanEDGE",S429/E741
BRAF(V600E),v-raf murine sarcoma viral oncogene homolog B1,TKL,Human,NP_004324.2,Mutation (V600E),Partial Length,"scanMAX, scanEDGE",S429/E741
BRK,protein tyrosine kinase 6,TK,Human,NP_005966.1,Wild Type,Partial Length,scanMAX,L166/T451
BRSK1,BR serine/threonine kinase 1,CAMK,Human,NP_115806.1,Wild Type,Partial Length,scanMAX,M1/E754
BRSK2,BR serine/threonine kinase 2,CAMK,Human,EAX02438.1,Wild Type,Full Length,scanMAX,M1/L674
BTK,Bruton agammaglobulinemia tyrosine kinase,TK,Human,NP_000052.1,Wild Type,Full Length,"scanMAX, scanEDGE",M1/S659
BUB1,budding uninhibited by benzimidazoles 1 homolog (yeast),Other,Human,NP_004327.1,Wild Type,Partial Length,scanMAX,Q724/K1085
CAMK1,calcium/calmodulin-dependent protein kinase I,CAMK,Human,NP_003647.1,Wild Type,Full Length,scanMAX,M1/L370
CAMK1B,pregnancy up-regulated nonubiquitous CaM kinase,CAMK,Human,EAW72835.1,Wild Type,Partial Length,scanMAX,W9/A311
CAMK1D,calcium/calmodulin-dependent protein kinase ID,CAMK,Human,NP_065130.1,Wild Type,Partial Length,scanMAX,M1/K299
CAMK1G,calcium/calmodulin-dependent protein kinase IG,CAMK,Human,NP_065172.1,Wild Type,Partial Length,scanMAX,M1/A342
CAMK2A,calcium/calmodulin-dependent protein kinase II alpha,CAMK,Human,NP_741960.1,Wild Type,Partial Length,scanMAX,M1/K328
CAMK2B,calcium/calmodulin-dependent protein kinase II beta,CAMK,Human,NP_001211.3,Wild Type,Partial Length,scanMAX,M1/Q380
CAMK2D,calcium/calmodulin-dependent protein kinase II delta,CAMK,Human,AAD20442.1,Wild Type,Partial Length,scanMAX,M1/E329
CAMK2G,calcium/calmodulin-dependent protein kinase II gamma,CAMK,Human,NP_751913.1,Wild Type,Partial Length,scanMAX,R9/A303
CAMK4,calcium/calmodulin-dependent protein kinase IV,CAMK,Human,NP_001735.1,Wild Type,Partial Length,scanMAX,A22/A322
CAMKK1,"calcium/calmodulin-dependent protein kinase kinase 1, alpha",Other,Human,NP_115670.1,Wild Type,Partial Length,scanMAX,R65/E414
CAMKK2,"calcium/calmodulin-dependent protein kinase kinase 2, beta",Other,Human,NP_006540.3,Wild Type,Partial Length,scanMAX,D65/V471
CASK,calcium/calmodulin-dependent serine protein kinase (MAGUK family),CAMK,Human,NP_003679.2,Wild Type,Partial Length,scanMAX,M1/H315
CDC2L1,cyclin-dependent kinase 11B,CMGC,Human,NP_277023.1,Wild Type,Partial Length,scanMAX,P353/G692
CDC2L2,cyclin-dependent kinase 11A,CMGC,Human,NP_076916.1,Wild Type,Partial Length,scanMAX,D391/K730
CDC2L5,cyclin-dependent kinase 13,CMGC,Human,NP_003709.3,Wild Type,Partial Length,scanMAX,H675/S1054
CDK1,cyclin-dependent kinase 1 [ Homo sapiens (human) ],CMGC,Human,NP_001777.1,Wild Type,Full Length,KdMAX,M1/M297
CDK10,cyclin-dependent kinase 10 [ Homo sapiens (human) ],CMGC,Human,NP_443714.3,Wild Type,Full Length,KdMAX,M1/P360
CDK11,cyclin-dependent kinase 19,CMGC,Human,NP_055891.1,Wild Type,Partial Length,"scanMAX, scanEDGE",M1/N360
CDK12,cyclin-dependent kinase 12 isoform 2 [Homo sapiens],CMGC,Human,NP_055898.1,Wild Type,Partial Length,KdMAX,P697/E1077
CDK2,cyclin-dependent kinase 2,CMGC,Human,NP_001789.2,Wild Type,Full Length,"scanMAX, scanEDGE",M1/L298
CDK20, cyclin-dependent kinase 20 [ Homo sapiens (human) ],CMGC,Human,NP_001034892.1,Wild Type,Full Length,KdMAX,M1/G346
CDK3,cyclin-dependent kinase 3,CMGC,Human,NP_001249.1,Wild Type,Full Length,"scanMAX, scanEDGE",M1/H305
CDK4,cyclin-dependent kinase 4,CMGC,Human,NP_000066.1,Wild Type,Full Length,scanMAX,M1/E303
CDK4-cyclinD1,cyclin-dependent kinase 4,CMGC,Human,NP_000066.1,Wild Type,Full Length,scanMAX,M1/E303
CDK4-cyclinD1(F93L),cyclin-dependent kinase 4,CMGC,Human,NP_000066.1,Mutation(F93L),Full Length,KdMAX,M1/E303
CDK4-cyclinD3,cyclin-dependent kinase 4,CMGC,Human,NP_000066.1,Wild Type,Full Length,scanMAX,M1/E303
CDK5,cyclin-dependent kinase 5,CMGC,Human,NP_004926.1,Wild Type,Full Length,scanMAX,M1/P292
CDK6,cyclin-dependent kinase 6 [ Homo sapiens (human) ],CMGC,Human,NP_001250.1,Wild Type,Full Length,KdMAX,M1/A326
CDK7,cyclin-dependent kinase 7,CMGC,Human,NP_001790.1,Wild Type,Full Length,"scanMAX, scanEDGE",M1/L344
CDK8,cyclin-dependent kinase 8,CMGC,Human,NP_001251.1,Wild Type,Partial Length,scanMAX,M1/T360
CDK9,cyclin-dependent kinase 9,CMGC,Human,NP_001252.1,Wild Type,Full Length,"scanMAX, scanEDGE",M1/F372
CDKL1,cyclin-dependent kinase-like 1 (CDC2-related kinase),CMGC,Human,NP_004187.2,Wild Type,Full Length,scanMAX,M1/I358
CDKL2,cyclin-dependent kinase-like 2 (CDC2-related kinase),CMGC,Human,NP_003939.1,Wild Type,Partial Length,scanMAX,M1/D327
CDKL3,cyclin-dependent kinase-like 3,CMGC,Human,NP_001107047.1,Wild Type,Partial Length,scanMAX,M1/D327
CDKL5,cyclin-dependent kinase-like 5,CMGC,Human,NP_003150.1,Wild Type,Partial Length,scanMAX,M1/S337
CHEK1,CHK1 checkpoint homolog (S. pombe),CAMK,Human,NP_001265.2,Wild Type,Partial Length,"scanMAX, scanEDGE",M1/G289
CHEK2,CHK2 checkpoint homolog (S. pombe),CAMK,Human,NP_001005735.1,Wild Type,Partial Length,scanMAX,S253/E574
CIT,"citron (rho-interacting, serine/threonine kinase 21)",AGC,Human,NP_009105.1,Wild Type,Partial Length,scanMAX,M68/E432
CLK1,CDC-like kinase 1,CMGC,Human,AAA61480.1,Wild Type,Full Length,scanMAX,M1/I484
CLK2,CDC-like kinase 2,CMGC,Human,NP_003984.2,Wild Type,Partial Length,scanMAX,D144/R498
CLK3,CDC-like kinase 3,CMGC,Human,NP_003983.2,Wild Type,Full Length,scanMAX,M1/R490
CLK4,CDC-like kinase 4,CMGC,Human,NP_065717.1,Wild Type,Partial Length,scanMAX,R135/K481
CSF1R,colony stimulating factor 1 receptor,TK,Human,NP_005202.2,Wild Type,Partial Length,"scanMAX, scanEDGE",I564/S939
CSF1R-autoinhibited,colony stimulating factor 1 receptor,TK,Human,NP_005202.2,Wild Type,Partial Length,scanMAX,Y538/S939
CSK,c-src tyrosine kinase,TK,Human,NP_004374.1,Wild Type,Full Length,scanMAX,M1/L450
CSNK1A1,"casein kinase 1, alpha 1",CK1,Human,NP_001883.4,Wild Type,Partial Length,scanMAX,M1/L301
CSNK1A1L,"casein kinase 1, alpha 1-like",CK1,Human,NP_660204.1,Wild Type,Full Length,scanMAX,M1/N337
CSNK1D,"casein kinase 1, delta",CK1,Human,NP_620693.1,Wild Type,Full Length,"scanMAX, scanEDGE",M1/K409
CSNK1E,"casein kinase 1, epsilon",CK1,Human,NP_001885.1,Wild Type,Full Length,scanMAX,M1/K416
CSNK1G1,"casein kinase 1, gamma 1",CK1,Human,NP_071331.2,Wild Type,Partial Length,scanMAX,T15/S353
CSNK1G2,"casein kinase 1, gamma 2",CK1,Human,NP_001310.2,Wild Type,Full Length,"scanMAX, scanEDGE",M1/K415
CSNK1G3,"casein kinase 1, gamma 3",CK1,Human,NP_004375.2,Wild Type,Full Length,scanMAX,M1/K447
CSNK2A1,"casein kinase 2, alpha 1 polypeptide",Other,Human,NP_001886.1,Wild Type,Full Length,scanMAX,M1/Q391
CSNK2A2,"casein kinase 2, alpha prime polypeptide",Other,Human,NP_001887.1,Wild Type,Full Length,scanMAX,M1/R350
CTK,megakaryocyte-associated tyrosine kinase,TK,Human,NP_002369.2,Wild Type,Full Length,scanMAX,M43/P508
DAPK1,death-associated protein kinase 1,CAMK,Human,NP_004929.2,Wild Type,Partial Length,scanMAX,M1/F296
DAPK2,death-associated protein kinase 2,CAMK,Human,NP_055141.2,Wild Type,Full Length,scanMAX,M1/S370
DAPK3,death-associated protein kinase 3,CAMK,Human,NP_001339.1,Wild Type,Partial Length,scanMAX,M1/A277
DCAMKL1,doublecortin-like kinase 1,CAMK,Human,NP_004725.1,Wild Type,Partial Length,"scanMAX, scanEDGE",L270/A662
DCAMKL2,doublecortin-like kinase 2,CAMK,Human,NP_001035351.3,Wild Type,Partial Length,scanMAX,K273/V664
DCAMKL3,doublecortin-like kinase 3,CAMK,Human,NP_208382.1,Wild Type,Partial Length,scanMAX,E140/V628
DDR1,discoidin domain receptor tyrosine kinase 1,TK,Human,NP_001945.3,Wild Type,Partial Length,scanMAX,R565/V876
DDR2,discoidin domain receptor tyrosine kinase 2,TK,Human,Q16832.2,Wild Type,Partial Length,scanMAX,V555/E855
DDR2(T654M),discoidin domain receptor tyrosine kinase 2,TK,Human,Q16832.2,Mutation(T654M),Partial Length,KdMAX,V555/E855
DLK,mitogen-activated protein kinase kinase kinase 12,TKL,Human,NP_006292.2,Wild Type,Full Length,scanMAX,M1/P859
DMPK,dystrophia myotonica-protein kinase,AGC,Human,NP_004400.4,Wild Type,Partial Length,scanMAX,V47/V415
DMPK2,CDC42 binding protein kinase gamma (DMPK-like),AGC,Human,NP_059995.2,Wild Type,Partial Length,scanMAX,S46/S408
DRAK1,serine/threonine kinase 17a,CAMK,Human,NP_004751.1,Wild Type,Partial Length,scanMAX,R32/E363
DRAK2,serine/threonine kinase 17b,CAMK,Human,NP_004217.1,Wild Type,Full Length,scanMAX,M1/C372
DYRK1A,dual-specificity tyrosine-(Y)-phosphorylation regulated kinase 1A,CMGC,Human,NP_569121.1,Wild Type,Partial Length,scanMAX,H129/S509
DYRK1B,dual-specificity tyrosine-(Y)-phosphorylation regulated kinase 1B,CMGC,Human,NP_004705.1,Wild Type,Full Length,"scanMAX, scanEDGE",M1/S629
DYRK2,dual-specificity tyrosine-(Y)-phosphorylation regulated kinase 2,CMGC,Human,NP_003574.1,Wild Type,Full Length,scanMAX,M1/S528
EGFR,"epidermal growth factor receptor (erythroblastic leukemia viral (v-erb-b) oncogene homolog, avian)",TK,Human,NP_005219.2,Wild Type,Partial Length,"scanMAX, scanEDGE",R669/V1011
EGFR(E746-A750del),"epidermal growth factor receptor (erythroblastic leukemia viral (v-erb-b) oncogene homolog, avian)",TK,Human,NP_005219.2,Mutation (E746-A750del),Partial Length,scanMAX,Null
EGFR(G719C),"epidermal growth factor receptor (erythroblastic leukemia viral (v-erb-b) oncogene homolog, avian)",TK,Human,NP_005219.2,Mutation (G719C),Partial Length,scanMAX,R669/V1011
EGFR(G719S),"epidermal growth factor receptor (erythroblastic leukemia viral (v-erb-b) oncogene homolog, avian)",TK,Human,NP_005219.2,Mutation (G719S),Partial Length,scanMAX,R669/V1011
"EGFR(L747-E749del, A750P)","epidermal growth factor receptor (erythroblastic leukemia viral (v-erb-b) oncogene homolog, avian)",TK,Human,NP_005219.2,"Mutation (L747-E749del, A750P)",Partial Length,scanMAX,Null
"EGFR(L747-S752del, P753S)","epidermal growth factor receptor (erythroblastic leukemia viral (v-erb-b) oncogene homolog, avian)",TK,Human,NP_005219.2,"Mutation (L747-S752del, P753S)",Partial Length,scanMAX,Null
"EGFR(L747-T751del,Sins)","epidermal growth factor receptor (erythroblastic leukemia viral (v-erb-b) oncogene homolog, avian)",TK,Human,NP_005219.2,"Mutation (L747-T751del,Sins)",Partial Length,scanMAX,Null
EGFR(L858R),"epidermal growth factor receptor (erythroblastic leukemia viral (v-erb-b) oncogene homolog, avian)",TK,Human,NP_005219.2,Mutation (L858R),Partial Length,"scanMAX, scanEDGE",R669/V1011
"EGFR(L858R,T790M)","epidermal growth factor receptor (erythroblastic leukemia viral (v-erb-b) oncogene homolog, avian)",TK,Human,NP_005219.2,"Mutation (L858R,T790M)",Partial Length,scanMAX,R669/V1011
EGFR(L861Q),"epidermal growth factor receptor (erythroblastic leukemia viral (v-erb-b) oncogene homolog, avian)",TK,Human,NP_005219.2,Mutation (L861Q),Partial Length,scanMAX,R669/V1011
EGFR(S752-I759del),"epidermal growth factor receptor (erythroblastic leukemia viral (v-erb-b) oncogene homolog, avian)",TK,Human,NP_005219.2,Mutation (S752-I759del),Partial Length,scanMAX,Null
EGFR(T790M),"epidermal growth factor receptor (erythroblastic leukemia viral (v-erb-b) oncogene homolog, avian)",TK,Human,NP_005219.2,Mutation (T790M),Partial Length,scanMAX,R669/G1022
EIF2AK1,eukaryotic translation initiation factor 2-alpha kinase 1,Other,Human,NP_055228.2,Wild Type,Partial Length,scanMAX,Q147/E603
EPHA1,EPH receptor A1,TK,Human,NP_005223.4,Wild Type,Partial Length,scanMAX,V588/I913
EPHA2,EPH receptor A2,TK,Human,NP_004422.2,Wild Type,Partial Length,"scanMAX, scanEDGE",T593/V891
EPHA3,EPH receptor A3,TK,Human,NP_005224.2,Wild Type,Partial Length,scanMAX,D604/K889
EPHA4,EPH receptor A4,TK,Human,NP_004429.1,Wild Type,Partial Length,scanMAX,T601/R897
EPHA5,EPH receptor A5,TK,Human,NP_872272.2,Wild Type,Partial Length,scanMAX,T627/V930
EPHA6,EPH receptor A6,TK,Human,NP_001073917.2,Wild Type,Partial Length,scanMAX,Y700/E1046
EPHA7,EPH receptor A7,TK,Human,NP_004431.1,Wild Type,Partial Length,scanMAX,Y608/S912
EPHA8,EPH receptor A8,TK,Human,NP_065387.1,Wild Type,Partial Length,scanMAX,Q608/C920
EPHB1,EPH receptor B1,TK,Human,NP_004432.1,Wild Type,Partial Length,scanMAX,P589/T911
EPHB2,EPH receptor B2,TK,Human,NP_059145.2,Wild Type,Partial Length,scanMAX,I597/L902
EPHB3,EPH receptor B3,TK,Human,NP_004434.2,Wild Type,Partial Length,scanMAX,Q599/T928
EPHB4,EPH receptor B4,TK,Human,NP_004435.3,Wild Type,Partial Length,scanMAX,H585/G892
EPHB6,EPH receptor B6,TK,Human,NP_004436.2,Wild Type,Partial Length,scanMAX,Q634/P948
ERBB2,"v-erb-b2 erythroblastic leukemia viral oncogene homolog 2, neuro/glioblastoma derived oncogene homolog (avian)",TK,Human,NP_001005862.1,Wild Type,Partial Length,"scanMAX, scanEDGE",K646/V1225
ERBB3,v-erb-b2 erythroblastic leukemia viral oncogene homolog 3 (avian),TK,Human,NP_001973.2,Wild Type,Partial Length,scanMAX,G684/A987
ERBB4,v-erb-a erythroblastic leukemia viral oncogene homolog 4 (avian),TK,Human,NP_001036064.1,Wild Type,Partial Length,"scanMAX, scanEDGE",L690/K994
ERK1,mitogen-activated protein kinase 3,CMGC,Human,NP_002737.2,Wild Type,Full Length,"scanMAX, scanEDGE",M1/P379
ERK1(Q122L),mitogen-activated protein kinase 3,CMGC,Human,NP_002737.2,Mutation(Q122L),Full Length,KdMAX,M1/P379
ERK2,mitogen-activated protein kinase 1,CMGC,Human,NP_620407.1,Wild Type,Full Length,scanMAX,M1/S360
ERK3,mitogen-activated protein kinase 6,CMGC,Human,NP_002739.1,Wild Type,Partial Length,scanMAX,M1/P413
ERK4,mitogen-activated protein kinase 4,CMGC,Human,NP_002738.2,Wild Type,Partial Length,scanMAX,M1/L365
ERK5,mitogen-activated protein kinase 7,CMGC,Human,NP_002740.2,Wild Type,Partial Length,scanMAX,M1/A409
ERK8,mitogen-activated protein kinase 15,CMGC,Human,NP_620590.2,Wild Type,Partial Length,scanMAX,M1/P437
ERN1,endoplasmic reticulum to nucleus signaling 1,Other,Human,NP_001424.3,Wild Type,Partial Length,scanMAX,S551/E852
FAK,PTK2 protein tyrosine kinase 2,TK,Human,NP_722560.1,Wild Type,Partial Length,"scanMAX, scanEDGE",D402/R696
FER,fer (fps/fes related) tyrosine kinase,TK,Human,NP_005237.2,Wild Type,Partial Length,scanMAX,S542/T822
FES,feline sarcoma oncogene,TK,Human,NP_001996.1,Wild Type,Partial Length,scanMAX,I527/R822
FGFR1,fibroblast growth factor receptor 1,TK,Human,NP_075593.1,Wild Type,Partial Length,scanMAX,P357/V669
FGFR2,fibroblast growth factor receptor 2,TK,Human,NP_075259.4,Wild Type,Partial Length,"scanMAX, scanEDGE",D457/E769
FGFR2(N550K),fibroblast growth factor receptor 2,TK,Human,NP_075259.4,Mutation(N550K),Partial Length,KdMAX,D457/E769
FGFR3,fibroblast growth factor receptor 3,TK,Human,NP_000133.1,Wild Type,Partial Length,"scanMAX, scanEDGE",R442/S771
FGFR3(G697C),fibroblast growth factor receptor 3,TK,Human,NP_000133.1,Mutation (G697C),Partial Length,scanMAX,R442/S771
FGFR3(K650E),fibroblast growth factor receptor 3,TK,Human,NP_000133.1,Mutation(K650E),Partial Length,KdMAX,R442/S771
FGFR3(V555M),fibroblast growth factor receptor 3,TK,Human,NP_000133.1,Mutation(V555M),Partial Length,KdMAX,R442/S771
FGFR4,fibroblast growth factor receptor 4,TK,Human,NP_075252.2,Wild Type,Partial Length,scanMAX,G402/E713
FGR,Gardner-Rasheed feline sarcoma viral (v-fgr) oncogene homolog,TK,Human,NP_005239.1,Wild Type,Partial Length,scanMAX,L233/T529
FLT1,fms-related tyrosine kinase 1 (vascular endothelial growth factor/vascular permeability factor receptor),TK,Human,NP_002010.2,Wild Type,Partial Length,scanMAX,R781/F1239
FLT3,fms-related tyrosine kinase 3,TK,Human,NP_004110.2,Wild Type,Partial Length,"scanMAX, scanEDGE",V592/Y969
FLT3(D835H),fms-related tyrosine kinase 3,TK,Human,NP_004110.2,Mutation (D835H),Partial Length,scanMAX,V592/Y969
FLT3(D835V),fms-related tyrosine kinase 3,TK,Human,NP_004110.2,Mutation(D835V),Partial Length,scanMAX,V592/Y969
FLT3(D835Y),fms-related tyrosine kinase 3,TK,Human,NP_004110.2,Mutation (D835Y),Partial Length,scanMAX,Q580/Y969
FLT3(ITD),fms-related tyrosine kinase 3,TK,Human,NP_004110.2,Mutation (ITD),Partial Length,scanMAX,Null
"FLT3(ITD,D835V)",fms-related tyrosine kinase 3,TK,Human,NP_004110.2,"Mutation(ITD,D835V)",Partial Length,scanMAX,Null
"FLT3(ITD,F691L)",fms-related tyrosine kinase 3,TK,Human,NP_004110.2,"Mutation(ITD,F691L)",Partial Length,scanMAX,Null
FLT3(K663Q),fms-related tyrosine kinase 3,TK,Human,NP_004110.2,Mutation (K663Q),Partial Length,scanMAX,V592/Y969
FLT3(N841I),fms-related tyrosine kinase 3,TK,Human,NP_004110.2,Mutation (N841I),Partial Length,scanMAX,V592/Y969
FLT3(R834Q),fms-related tyrosine kinase 3,TK,Human,NP_004110.2,Mutation (R834Q),Partial Length,scanMAX,V592/Y969
FLT3-autoinhibited,fms-related tyrosine kinase 3,TK,Human,NP_004110.2,Wild Type,Partial Length,scanMAX,H564/Y969
FLT4,fms-related tyrosine kinase 4,TK,Human,NP_002011.1,Wild Type,Partial Length,scanMAX,E821/E1196
FRK,fyn-related kinase,TK,Human,NP_002022.1,Wild Type,Partial Length,scanMAX,A215/F503
FYN,"FYN oncogene related to SRC, FGR, YES",TK,Human,NP_694592.1,Wild Type,Partial Length,scanMAX,T243/L534
GAK,cyclin G associated kinase,Other,Human,NP_005246.2,Wild Type,Partial Length,scanMAX,G13/Y338
"GCN2(Kin.Dom.2,S808G)",eukaryotic translation initiation factor 2 alpha kinase 4,Other,Human,NP_001013725.2,Wild Type,Partial Length,scanMAX,R585/T1018
GRK1,G protein-coupled receptor kinase 1,AGC,Human,NP_002920.1,Wild Type,Full Length,scanMAX,M1/S563
GRK2,"adrenergic, beta, receptor kinase 1 [ Homo sapiens (human) ] ",AGC,Human,NP_001610.2,Wild Type,Full Length,scanMAX,M1/L689
GRK3,"adrenergic, beta, receptor kinase 2 [ Homo sapiens (human) ] ",AGC,Human,NP_005151.2,Wild Type,Full Length,scanMAX,M1/L688
GRK4,G protein-coupled receptor kinase 4,AGC,Human,NP_892027.2,Wild Type,Full Length,scanMAX,M1/C578
GRK7,G protein-coupled receptor kinase 7,AGC,Human,NP_631948.1,Wild Type,Full Length,scanMAX,M1/L553
GSK3A,glycogen synthase kinase 3 alpha,CMGC,Human,NP_063937.2,Wild Type,Full Length,scanMAX,M1/S483
GSK3B,glycogen synthase kinase 3 beta,CMGC,Human,NP_002084.2,Wild Type,Full Length,"scanMAX, scanEDGE",M1/T433
HASPIN,germ cell associated 2 (haspin),Other,Human,NP_114171.2,Wild Type,Partial Length,scanMAX,I452/K798
HCK,hemopoietic cell kinase,TK,Human,NP_002101.2,Wild Type,Full Length,scanMAX,M22/P526
HIPK1,homeodomain interacting protein kinase 1,CMGC,Human,NP_689909.2,Wild Type,Partial Length,scanMAX,M146/I555
HIPK2,homeodomain interacting protein kinase 2,CMGC,Human,NP_073577.3,Wild Type,Partial Length,scanMAX,M153/S564
HIPK3,homeodomain interacting protein kinase 3,CMGC,Human,NP_005725.3,Wild Type,Partial Length,scanMAX,M153/N562
HIPK4,homeodomain interacting protein kinase 4,CMGC,Human,NP_653286.2,Wild Type,Partial Length,scanMAX,M1/V384
HPK1,mitogen-activated protein kinase kinase kinase kinase 1,STE,Human,NP_001036065.1,Wild Type,Full Length,scanMAX,M1/R799
HUNK,hormonally up-regulated Neu-associated kinase,CAMK,Human,NP_055401.1,Wild Type,Partial Length,scanMAX,A31/K354
ICK,intestinal cell (MAK-like) kinase,CMGC,Human,NP_055735.1,Wild Type,Partial Length,scanMAX,M1/P314
IGF1R,insulin-like growth factor 1 receptor,TK,Human,NP_000866.1,Wild Type,Partial Length,"scanMAX, scanEDGE",L972/D1294
IKK-alpha,conserved helix-loop-helix ubiquitous kinase,Other,Human,NP_001269.3,Wild Type,Full Length,"scanMAX, scanEDGE",M1/E745
IKK-beta,"inhibitor of kappa light polypeptide gene enhancer in B-cells, kinase beta",Other,Human,NP_001547.1,Wild Type,Full Length,"scanMAX, scanEDGE",M1/S756
IKK-epsilon,"inhibitor of kappa light polypeptide gene enhancer in B-cells, kinase epsilon",Other,Human,NP_054721.1,Wild Type,Full Length,scanMAX,M1/V716
INSR,insulin receptor,TK,Human,NP_000199.2,Wild Type,Partial Length,"scanMAX, scanEDGE",P997/E1318
INSRR,insulin receptor-related receptor,TK,Human,NP_055030.1,Wild Type,Partial Length,scanMAX,R950/E1278
IRAK1,interleukin-1 receptor-associated kinase 1,TKL,Human,NP_001560.2,Wild Type,Partial Length,scanMAX,R194/S712
IRAK2,interleukin-1 receptor-associated kinase 2 [ Homo sapiens (human) ],TKL,Human,NP_001561.3,Wild Type,Partial Length,KdMAX,T180/T519
IRAK3,interleukin-1 receptor-associated kinase 3,TKL,Human,NP_009130.1,Wild Type,Partial Length,scanMAX,V147/E596
IRAK4,interleukin-1 receptor-associated kinase 4,TKL,Human,NP_057207.2,Wild Type,Partial Length,scanMAX,M1/S460
ITK,IL2-inducible T-cell kinase,TK,Human,NP_005537.3,Wild Type,Partial Length,scanMAX,R335/L620
JAK1(JH1domain-catalytic),Janus kinase 1,TK,Human,NP_002218.2,Wild Type,Partial Length,scanMAX,V856/K1154
JAK1(JH2domain-pseudokinase),Janus kinase 1,TK,Human,NP_002218.1,Wild Type,Partial Length,scanMAX,R537/D855
JAK2(JH1domain-catalytic),Janus kinase 2,TK,Human,NP_004963.1,Wild Type,Partial Length,"scanMAX, scanEDGE",A829/G1132
JAK3(JH1domain-catalytic),Janus kinase 3,TK,Human,NP_000206.2,Wild Type,Partial Length,"scanMAX, scanEDGE",I781/S1124
JNK1,mitogen-activated protein kinase 8,CMGC,Human,NP_002741.1,Wild Type,Full Length,"scanMAX, scanEDGE",M1/Q384
JNK2,mitogen-activated protein kinase 9,CMGC,Human,NP_620707.1,Wild Type,Full Length,"scanMAX, scanEDGE",M1/Q382
JNK3,mitogen-activated protein kinase 10,CMGC,Human,NP_002744.1,Wild Type,Partial Length,"scanMAX, scanEDGE",V28/Q422
KIT,v-kit Hardy-Zuckerman 4 feline sarcoma viral oncogene homolog,TK,Human,NP_000213.1,Wild Type,Partial Length,"scanMAX, scanEDGE",I571/D952
KIT(A829P),v-kit Hardy-Zuckerman 4 feline sarcoma viral oncogene homolog,TK,Human,NP_000213.1,Mutation (A829P),Partial Length,scanMAX,I571/D952
KIT(D816H),v-kit Hardy-Zuckerman 4 feline sarcoma viral oncogene homolog,TK,Human,NP_000213.1,Mutation (D816H),Partial Length,scanMAX,I571/D952
KIT(D816V),v-kit Hardy-Zuckerman 4 feline sarcoma viral oncogene homolog,TK,Human,NP_000213.1,Mutation (D816V),Partial Length,"scanMAX, scanEDGE",I571/D952
KIT(L576P),v-kit Hardy-Zuckerman 4 feline sarcoma viral oncogene homolog,TK,Human,NP_000213.1,Mutation (L576P),Partial Length,scanMAX,Y545/D952
KIT(V559D),v-kit Hardy-Zuckerman 4 feline sarcoma viral oncogene homolog,TK,Human,NP_000213.1,Mutation (V559D),Partial Length,scanMAX,Y545/D952
"KIT(V559D,T670I)",v-kit Hardy-Zuckerman 4 feline sarcoma viral oncogene homolog,TK,Human,NP_000213.1,"Mutation (V559D,T670I)",Partial Length,"scanMAX, scanEDGE",Y545/D952
"KIT(V559D,V654A)",v-kit Hardy-Zuckerman 4 feline sarcoma viral oncogene homolog,TK,Human,NP_000213.1,"Mutation (V559D,V654A)",Partial Length,scanMAX,Y545/D952
KIT-autoinhibited,v-kit Hardy-Zuckerman 4 feline sarcoma viral oncogene homolog,TK,Human,NP_000213.1,Wild Type,Partial Length,scanMAX,Y545/D952
LATS1,"LATS, large tumor suppressor, homolog 1 (Drosophila)",AGC,Human,NP_004681.1,Wild Type,Partial Length,scanMAX,Q678/V1130
LATS2,"LATS, large tumor suppressor, homolog 2 (Drosophila)",AGC,Human,NP_055387.1,Wild Type,Partial Length,scanMAX,Q641/V1088
LCK,lymphocyte-specific protein tyrosine kinase,TK,Human,NP_005347.3,Wild Type,Partial Length,scanMAX,R207/P509
LIMK1,LIM domain kinase 1,TKL,Human,NP_002305.1,Wild Type,Full Length,scanMAX,M1/D647
LIMK2,LIM domain kinase 2,TKL,Human,NP_005560.1,Wild Type,Full Length,scanMAX,M1/P638
LKB1,serine/threonine kinase 11,CAMK,Human,NP_000446.1,Wild Type,Full Length,"scanMAX, scanEDGE",M1/Q433
LOK,serine/threonine kinase 10,STE,Human,NP_005981.3,Wild Type,Partial Length,scanMAX,E16/V314
LRRK2,leucine-rich repeat kinase 2,TKL,Human,NP_940980.3,Wild Type,Partial Length,scanMAX,H970/E2527
LRRK2(G2019S),leucine-rich repeat kinase 2,TKL,Human,NP_940980.3,Mutation (G2019S),Partial Length,scanMAX,H970/E2527
LTK,leukocyte receptor tyrosine kinase,TK,Human,NP_996844.1,Wild Type,Partial Length,scanMAX,P422/S744
LYN,v-yes-1 Yamaguchi sarcoma viral related oncogene homolog,TK,Human,NP_002341.1,Wild Type,Partial Length,scanMAX,C219/Q511
LZK,mitogen-activated protein kinase kinase kinase 13,TKL,Human,NP_004712.1,Wild Type,Full Length,scanMAX,M1/W966
MAK,male germ cell-associated kinase,CMGC,Human,NP_005897.1,Wild Type,Partial Length,scanMAX,M1/P314
MAP3K1,mitogen-activated protein kinase kinase kinase 1,STE,Human,NP_005912.1,Wild Type,Partial Length,scanMAX,L1202/W1512
MAP3K15,mitogen-activated protein kinase kinase kinase 15,STE,Human,NP_001001671.3,Wild Type,Partial Length,scanMAX,T625/L932
MAP3K2,mitogen-activated protein kinase kinase kinase 2,STE,Human,NP_006600.3,Wild Type,Partial Length,scanMAX,S315/H619
MAP3K3,mitogen-activated protein kinase kinase kinase 3,STE,Human,NP_002392.2,Wild Type,Partial Length,scanMAX,E320/Y626
MAP3K4,mitogen-activated protein kinase kinase kinase 4,STE,Human,NP_005913.2,Wild Type,Partial Length,"scanMAX, scanEDGE",G1319/E1608
MAP4K2,mitogen-activated protein kinase kinase kinase kinase 2,STE,Human,NP_004570.2,Wild Type,Partial Length,scanMAX,M1/G318
MAP4K3,mitogen-activated protein kinase kinase kinase kinase 3,STE,Human,NP_003609.2,Wild Type,Partial Length,scanMAX,M1/D301
MAP4K4,mitogen-activated protein kinase kinase kinase kinase 4,STE,Human,NP_663719.1,Wild Type,Partial Length,scanMAX,M1/R310
MAP4K5,mitogen-activated protein kinase kinase kinase kinase 5,STE,Human,NP_006566.2,Wild Type,Partial Length,scanMAX,M1/P297
MAPKAPK2,mitogen-activated protein kinase-activated protein kinase 2,CAMK,Human,NP_116584.2,Wild Type,Partial Length,"scanMAX, scanEDGE",V48/D345
MAPKAPK5,mitogen-activated protein kinase-activated protein kinase 5,CAMK,Human,NP_003659.2,Wild Type,Partial Length,scanMAX,M1/D322
MARK1,MAP/microtubule affinity-regulating kinase 1,CAMK,Human,NP_061120.3,Wild Type,Partial Length,scanMAX,Q30/T341
MARK2,MAP/microtubule affinity-regulating kinase 2,CAMK,Human,NP_059672.2,Wild Type,Partial Length,scanMAX,M1/R450
MARK3,MAP/microtubule affinity-regulating kinase 3,CAMK,Human,NP_002367.4,Wild Type,Full Length,"scanMAX, scanEDGE",M1/L729
MARK4,MAP/microtubule affinity-regulating kinase 4,CAMK,Human,NP_113605.2,Wild Type,Partial Length,scanMAX,K29/G340
MAST1,microtubule associated serine/threonine kinase 1,AGC,Human,NP_055790.1,Wild Type,Partial Length,scanMAX,S346/V730
MEK1,mitogen-activated protein kinase kinase 1,STE,Human,NP_002746.1,Wild Type,Full Length,"scanMAX, scanEDGE",M1/V393
MEK2,mitogen-activated protein kinase kinase 2,STE,Human,NP_109587.1,Wild Type,Full Length,"scanMAX, scanEDGE",M1/V400
MEK3,mitogen-activated protein kinase kinase 3,STE,Human,NP_002747.2,Wild Type,Full Length,scanMAX,M1/S318
MEK4,mitogen-activated protein kinase kinase 4,STE,Human,NP_003001.1,Wild Type,Partial Length,scanMAX,S84/D399
MEK5,mitogen-activated protein kinase kinase 5,STE,Human,NP_660143.1,Wild Type,Partial Length,scanMAX,L98/P448
MEK6,mitogen-activated protein kinase kinase 6,STE,Human,NP_002749.2,Wild Type,Partial Length,scanMAX,K36/D334
MELK,maternal embryonic leucine zipper kinase,CAMK,Human,NP_055606.1,Wild Type,Full Length,scanMAX,M1/V651
MERTK,c-mer proto-oncogene tyrosine kinase,TK,Human,AAB60430.1,Wild Type,Partial Length,scanMAX,R557/L884
MET,met proto-oncogene (hepatocyte growth factor receptor),TK,Human,NP_000236.2,Wild Type,Partial Length,"scanMAX, scanEDGE",D1010/S1367
MET(M1250T),met proto-oncogene (hepatocyte growth factor receptor),TK,Human,NP_000236.2,Mutation (M1250T),Partial Length,scanMAX,D1010/S1367
MET(Y1235D),met proto-oncogene (hepatocyte growth factor receptor),TK,Human,NP_000236.2,Mutation (Y1235D),Partial Length,scanMAX,D1010/S1367
MINK,misshapen-like kinase 1 (zebrafish),STE,Human,NP_001020108.1,Wild Type,Partial Length,scanMAX,M1/K312
MKK7,mitogen-activated protein kinase kinase 7,STE,Human,NP_660186.1,Wild Type,Full Length,scanMAX,M1/R419
MKNK1,MAP kinase interacting serine/threonine kinase 1,CAMK,Human,NP_001129025.1,Wild Type,Full Length,"scanMAX, scanEDGE",M1/L424
MKNK2,MAP kinase interacting serine/threonine kinase 2,CAMK,Human,NP_060042.2,Wild Type,Partial Length,"scanMAX, scanEDGE",G63/S388
MLCK,myosin light chain kinase 3,CAMK,Human,NP_872299.2,Wild Type,Partial Length,scanMAX,D488/K800
MLK1,mitogen-activated protein kinase kinase kinase 9,TKL,Human,NP_149132.2,Wild Type,Partial Length,"scanMAX, scanEDGE",V88/W426
MLK2,mitogen-activated protein kinase kinase kinase 10,TKL,Human,NP_002437.2,Wild Type,Partial Length,scanMAX,V52/W380
MLK3,mitogen-activated protein kinase kinase kinase 11,TKL,Human,NP_002410.1,Wild Type,Partial Length,scanMAX,I77/W399
MLKL,mixed lineage kinase domain-like protein isoform 1 [Homo sapiens],TKL,Human,NP_689862.1,Wild Type,Partial Length,KdMAX,Q190/K471
MLKL(full-length),mixed lineage kinase domain-like protein isoform 1 [Homo sapiens],TKL,Human,NP_689862.1,Wild Type,Full Length,KdMAX,M1/K471
MRCKA,CDC42 binding protein kinase alpha (DMPK-like),AGC,Human,NP_003598.2,Wild Type,Partial Length,scanMAX,L57/V418
MRCKB,CDC42 binding protein kinase beta (DMPK-like),AGC,Human,NP_006026.3,Wild Type,Partial Length,scanMAX,L56/S417
MST1,serine/threonine kinase 4,STE,Human,NP_006273.1,Wild Type,Full Length,scanMAX,M1/F487
MST1R,macrophage stimulating 1 receptor (c-met-related tyrosine kinase),TK,Human,NP_002438.2,Wild Type,Partial Length,scanMAX,I1057/L1363
MST2,"serine/threonine kinase 3 (STE20 homolog, yeast)",STE,Human,NP_006272.1,Wild Type,Partial Length,scanMAX,D17/E318
MST3,"serine/threonine kinase 24 (STE20 homolog, yeast)",STE,Human,NP_003567.2,Wild Type,Partial Length,scanMAX,A30/S311
MST4,serine/threonine protein kinase MST4,STE,Human,NP_057626.2,Wild Type,Full Length,scanMAX,M1/P416
MTOR,mechanistic target of rapamycin (serine/threonine kinase),Atypical,Human,NP_004949.1,Wild Type,Partial Length,scanMAX,L1382/W2549
MUSK,"muscle, skeletal, receptor tyrosine kinase",TK,Human,NP_005583.1,Wild Type,Partial Length,scanMAX,M553/V869
MYLK,myosin light chain kinase,CAMK,Human,NP_444254.3,Wild Type,Full Length,scanMAX,M854/E1845
MYLK2,myosin light chain kinase 2,CAMK,Human,NP_149109.1,Wild Type,Partial Length,scanMAX,D258/K570
MYLK4,"myosin light chain kinase family, member 4",CAMK,Human,NP_001012418.1,Wild Type,Partial Length,scanMAX,V79/S380
MYO3A,myosin IIIA,STE,Human,NP_059129.3,Wild Type,Partial Length,scanMAX,M1/K338
MYO3B,myosin IIIB,STE,Human,NP_001077084.2,Wild Type,Partial Length,scanMAX,M1/D357
NDR1,serine/threonine kinase 38,AGC,Human,NP_009202.1,Wild Type,Partial Length,scanMAX,N33/E449
NDR2,serine/threonine kinase 38 like,AGC,Human,NP_055815.1,Wild Type,Partial Length,scanMAX,N34/E447
NEK1,NIMA (never in mitosis gene a)-related kinase 1,Other,Human,NP_036356.1,Wild Type,Partial Length,scanMAX,M1/K278
NEK10,NIMA (never in mitosis gene a)- related kinase 10,Other,Human,EAW64378.1,Wild Type,Partial Length,scanMAX,L488/R809
NEK11,NIMA (never in mitosis gene a)-related kinase 11,Other,Human,NP_665917.1,Wild Type,Partial Length,scanMAX,M1/E313
NEK2,NIMA (never in mitosis gene a)-related kinase 2,Other,Human,NP_002488.1,Wild Type,Partial Length,scanMAX,M1/K309
NEK3,NIMA (never in mitosis gene a)-related kinase 3,Other,Human,NP_002489.1,Wild Type,Full Length,scanMAX,M1/R506
NEK4,NIMA (never in mitosis gene a)-related kinase 4,Other,Human,NP_003148.2,Wild Type,Full Length,scanMAX,M1/F841
NEK5,NIMA (never in mitosis gene a)-related kinase 5,Other,Human,NP_954983.1,Wild Type,Partial Length,scanMAX,M1/M279
NEK6,NIMA (never in mitosis gene a)-related kinase 6,Other,Human,NP_055212.2,Wild Type,Full Length,scanMAX,M8/T313
NEK7,NIMA (never in mitosis gene a)-related kinase 7,Other,Human,NP_598001.1,Wild Type,Full Length,scanMAX,M1/S302
NEK9,NIMA (never in mitosis gene a)-related kinase 9,Other,Human,NP_149107.4,Wild Type,Partial Length,scanMAX,P32/R328
NIK,mitogen-activated protein kinase kinase kinase 14,STE,Human,NP_003945.2,Wild Type,Partial Length,scanMAX,L318/P947
NIM1,serine/threonine-protein kinase NIM1,CAMK,Human,NP_699192.1,Wild Type,Partial Length,scanMAX,Q44/N355
NLK,nemo-like kinase,CMGC,Human,NP_057315.3,Wild Type,Full Length,scanMAX,M13/E527
OSR1,oxidative-stress responsive 1,STE,Human,NP_005100.1,Wild Type,Full Length,scanMAX,M1/S527
p38-alpha,mitogen-activated protein kinase 14,CMGC,Human,NP_620581.1,Wild Type,Full Length,"scanMAX, scanEDGE",M1/S360
p38-beta,mitogen-activated protein kinase 11,CMGC,Human,NP_002742.3,Wild Type,Full Length,"scanMAX, scanEDGE",M1/Q364
p38-delta,mitogen-activated protein kinase 13,CMGC,Human,NP_002745.1,Wild Type,Full Length,scanMAX,M1/L365
p38-gamma,mitogen-activated protein kinase 12,CMGC,Human,AAB40118.1,Wild Type,Full Length,scanMAX,M1/L367
PAK1,p21 protein (Cdc42/Rac)-activated kinase 1,STE,Human,NP_002567.3,Wild Type,Partial Length,"scanMAX, scanEDGE",S149/H545
PAK2,p21 protein (Cdc42/Rac)-activated kinase 2,STE,Human,AAA65442.1,Wild Type,Partial Length,"scanMAX, scanEDGE",P151/R525
PAK3,p21 protein (Cdc42/Rac)-activated kinase 3,STE,Human,NP_002569.1,Wild Type,Full Length,scanMAX,M1/R544
PAK4,p21 protein (Cdc42/Rac)-activated kinase 4,STE,Human,NP_001014834.1,Wild Type,Partial Length,"scanMAX, scanEDGE",Q144/R438
PAK6,p21 protein (Cdc42/Rac)-activated kinase 6,STE,Human,NP_064553.1,Wild Type,Partial Length,scanMAX,N298/C681
PAK7,p21 protein (Cdc42/Rac)-activated kinase 7,STE,Human,NP_065074.1,Wild Type,Partial Length,scanMAX,Y400/H719
PASK,PAS domain containing serine/threonine kinase [ Homo sapiens (human) ],CAMK,Human,NP_001239051.1,Wild Type,Partial Length,KdMAX,E942/G1265
PCTK1,cyclin-dependent kinase 16,CMGC,Human,NP_006192.1,Wild Type,Partial Length,"scanMAX, scanEDGE",G160/A474
PCTK2,cyclin-dependent kinase 17,CMGC,Human,CAA47004.1,Wild Type,Full Length,scanMAX,M1/F523
PCTK3,cyclin-dependent kinase 18,CMGC,Human,NP_002587.2,Wild Type,Full Length,scanMAX,M3/F474
PDGFRA,"platelet-derived growth factor receptor, alpha polypeptide",TK,Human,NP_006197.1,Wild Type,Partial Length,"scanMAX, scanEDGE",V575/D1002
PDGFRB,"platelet-derived growth factor receptor, beta polypeptide",TK,Human,NP_002600.1,Wild Type,Partial Length,"scanMAX, scanEDGE",V582/Y1009
PDPK1,3-phosphoinositide dependent protein kinase-1,AGC,Human,NP_002604.1,Wild Type,Full Length,"scanMAX, scanEDGE",M1/Q556
PFCDPK1(P.falciparum),Calcium-dependent protein kinase 1,Pathogen,P.falciparum,XP_001349680.1,Wild Type,Full Length,scanMAX,M1/S524
PFPK5(P.falciparum),Protein Kinase 5,Pathogen,P.falciparum,XP_001350280.1,Wild Type,Full Length,scanMAX,M1/N288
PFTAIRE2,Cyclin-Dependent Kinase 15,CMGC,Human,NP_631897.1,Wild Type,Full Length,scanMAX,M1/W384
PFTK1,Cyclin-Dependent Kinase 14,CMGC,Human,NP_036527.1,Wild Type,Full Length,scanMAX,M1/H451
PHKG1,"phosphorylase kinase, gamma 1 (muscle)",CAMK,Human,NP_006204.1,Wild Type,Full Length,scanMAX,M1/Y387
PHKG2,"phosphorylase kinase, gamma 2 (testis)",CAMK,Human,NP_000285.1,Wild Type,Partial Length,scanMAX,M1/W300
PIK3C2B,"phosphoinositide-3-kinase, class 2, beta polypeptide",Lipid,Human,NP_002637.2,Wild Type,Partial Length,"scanMAX, scanEDGE",M1/L1634
PIK3C2G,"phosphoinositide-3-kinase, class 2, gamma polypeptide",Lipid,Human,NP_004561.2,Wild Type,Partial Length,scanMAX,M1/I1446
PIK3CA,"phosphoinositide-3-kinase, catalytic, alpha polypeptide",Lipid,Human,NP_006209.2,Wild Type,Partial Length,"scanMAX, scanEDGE",R108/N1068
PIK3CA(C420R),"phosphoinositide-3-kinase, catalytic, alpha polypeptide",Lipid,Human,NP_006209.2,Mutation (C420R),Partial Length,scanMAX,R108/N1068
PIK3CA(E542K),"phosphoinositide-3-kinase, catalytic, alpha polypeptide",Lipid,Human,NP_006209.2,Mutation (E542K),Partial Length,scanMAX,R108/N1068
PIK3CA(E545A),"phosphoinositide-3-kinase, catalytic, alpha polypeptide",Lipid,Human,NP_006209.2,Mutation (E545A),Partial Length,scanMAX,R108/N1068
PIK3CA(E545K),"phosphoinositide-3-kinase, catalytic, alpha polypeptide",Lipid,Human,NP_006209.2,Mutation (E545K),Partial Length,scanMAX,R108/N1068
PIK3CA(H1047L),"phosphoinositide-3-kinase, catalytic, alpha polypeptide",Lipid,Human,NP_006209.2,Mutation (H1047L),Partial Length,scanMAX,R108/N1068
PIK3CA(H1047Y),"phosphoinositide-3-kinase, catalytic, alpha polypeptide",Lipid,Human,NP_006209.2,Mutation (H1047Y),Partial Length,scanMAX,R108/N1068
PIK3CA(I800L),"phosphoinositide-3-kinase, catalytic, alpha polypeptide",Lipid,Human,NP_006209.2,Mutation (I800L),Partial Length,scanMAX,R108/N1068
PIK3CA(M1043I),"phosphoinositide-3-kinase, catalytic, alpha polypeptide",Lipid,Human,NP_006209.2,Mutation (M1043I),Partial Length,scanMAX,R108/N1068
PIK3CA(Q546K),"phosphoinositide-3-kinase, catalytic, alpha polypeptide",Lipid,Human,NP_006209.2,Mutation (Q546K),Partial Length,scanMAX,R108/N1068
PIK3CB,"phosphoinositide-3-kinase, catalytic, beta polypeptide",Lipid,Human,NP_006210.1,Wild Type,Partial Length,scanMAX,P118/S1070
PIK3CD,"phosphoinositide-3-kinase, catalytic, delta polypeptide",Lipid,Human,NP_005017.2,Wild Type,Partial Length,scanMAX,R108/Q1044
PIK3CG,"phosphoinositide-3-kinase, catalytic, gamma polypeptide",Lipid,Human,NP_002640.2,Wild Type,Partial Length,"scanMAX, scanEDGE",S144/A1102
PIK4CB,"phosphatidylinositol 4-kinase, catalytic, beta",Lipid,Human,NP_002642.1,Wild Type,Full Length,scanMAX,M1/M828
PIKFYVE,"phosphoinositide kinase, FYVE finger containing [ Homo sapiens (human) ] ",Lipid,Human,NP_055855.2,Wild Type,Partial Length,scanMAX,F1512/C2098
PIM1,pim-1 oncogene,CAMK,Human,NP_002639.1,Wild Type,Partial Length,"scanMAX, scanEDGE",A15/K313
PIM2,pim-2 oncogene,CAMK,Human,NP_006866.2,Wild Type,Partial Length,"scanMAX, scanEDGE",M1/E291
PIM3,pim-3 oncogene,CAMK,Human,NP_001001852.1,Wild Type,Partial Length,"scanMAX, scanEDGE",G16/A317
PIP5K1A,"phosphatidylinositol-4-phosphate 5-kinase, type I, alpha",Lipid,Human,NP_001129110.1,Wild Type,Full Length,scanMAX,M1/H562
PIP5K1C,"phosphatidylinositol-4-phosphate 5-kinase, type I, gamma",Lipid,Human,NP_036530.1,Wild Type,Partial Length,scanMAX,M1/T668
PIP5K2B,"phosphatidylinositol-5-phosphate 4-kinase, type II, beta",Lipid,Human,NP_003550.1,Wild Type,Full Length,scanMAX,M1/T416
PIP5K2C,"phosphatidylinositol-5-phosphate 4-kinase, type II, gamma",Lipid,Human,NP_079055.2,Wild Type,Partial Length,scanMAX,M1/A421
PKAC-alpha,"protein kinase, cAMP-dependent, catalytic, alpha",AGC,Human,NP_002721.1,Wild Type,Partial Length,"scanMAX, scanEDGE",G10/F351
PKAC-alpha(L206R),cAMP-dependent protein kinase catalytic subunit alpha isoform Calpha1 [Homo sapiens],AGC,Human,NP_002721.1,Mutation(L206R),Partial Length,KdMAX,G10/F351
PKAC-beta,"protein kinase, cAMP-dependent, catalytic, beta",AGC,Human,NP_002722.1,Wild Type,Full Length,scanMAX,M1/F351
PKMYT1,"protein kinase, membrane associated tyrosine/threonine 1",Other,Human,NP_872629.1,Wild Type,Partial Length,scanMAX,A88/G366
PKN1,protein kinase N1,AGC,Human,NP_998725.1,Wild Type,Partial Length,scanMAX,E598/C948
PKN2,protein kinase N2,AGC,Human,NP_006247.1,Wild Type,Partial Length,scanMAX,E634/C984
PKNB(M.tuberculosis),Transmembrane Serine/Threonine-Protein Kinase B,Pathogen,M.tuberculosis,NP_214528.1,Wild Type,Partial Length,scanMAX,M1/G279
PLK1,polo-like kinase 1 (Drosophila),Other,Human,NP_005021.2,Wild Type,Partial Length,"scanMAX, scanEDGE",A33/F325
PLK2,polo-like kinase 2 (Drosophila),Other,Human,NP_006613.2,Wild Type,Partial Length,scanMAX,H58/F354
PLK3,polo-like kinase 3 (Drosophila),Other,Human,NP_004064.2,Wild Type,Partial Length,"scanMAX, scanEDGE",A42/L334
PLK4,polo-like kinase 4 (Drosophila),Other,Human,NP_055079.2,Wild Type,Partial Length,"scanMAX, scanEDGE",M1/S273
PRKCD,"protein kinase C, delta",AGC,Human,NP_006245.2,Wild Type,Partial Length,scanMAX,Q328/D676
PRKCE,"protein kinase C, epsilon",AGC,Human,NP_005391.1,Wild Type,Partial Length,"scanMAX, scanEDGE",A378/P737
PRKCH,"protein kinase C, eta",AGC,Human,NP_006246.2,Wild Type,Partial Length,scanMAX,S324/P683
PRKCI,"protein kinase C, iota",AGC,Human,NP_002731.3,Wild Type,Partial Length,scanMAX,H215/V587
PRKCQ,"protein kinase C, theta",AGC,Human,NP_006248.1,Wild Type,Partial Length,scanMAX,L350/S706
PRKD1,protein kinase D1,CAMK,Human,NP_002733.2,Wild Type,Partial Length,scanMAX,G551/E870
PRKD2,protein kinase D2,CAMK,Human,NP_057541.2,Wild Type,Partial Length,scanMAX,A519/E838
PRKD3,protein kinase D3,CAMK,Human,NP_005804.1,Wild Type,Partial Length,scanMAX,S543/E863
PRKG1,"protein kinase, cGMP-dependent, type I",AGC,Human,NP_006249.1,Wild Type,Partial Length,scanMAX,L339/F686
PRKG2,"protein kinase, cGMP-dependent, type II",AGC,Human,NP_006250.1,Wild Type,Partial Length,scanMAX,S422/F762
PRKR,eukaryotic translation initiation factor 2-alpha kinase 2,Other,Human,NP_002750.1,Wild Type,Partial Length,scanMAX,F247/C551
PRKX,"protein kinase, X-linked",AGC,Human,NP_005035.1,Wild Type,Partial Length,scanMAX,M1/F358
PRP4,PRP4 pre-mRNA processing factor 4 homolog B (yeast),CMGC,Human,NP_003904.3,Wild Type,Partial Length,scanMAX,D657/I1007
PYK2,PTK2B protein tyrosine kinase 2 beta,TK,Human,NP_775267.1,Wild Type,Full Length,scanMAX,M1/E967
QSK,SIK family kinase 3,CAMK,Human,BAA76843.2,Wild Type,Partial Length,scanMAX,A90/L395
RAF1,v-raf-1 murine leukemia viral oncogene homolog 1,TKL,Human,NP_002871.1,Wild Type,Partial Length,"scanMAX, scanEDGE",I330/T640
RET,ret proto-oncogene,TK,Human,NP_065681.1,Wild Type,Partial Length,"scanMAX, scanEDGE",E713/D1014
RET(A883F),ret proto-oncogene,TK,Human,NP_065681.1,Mutation(A883F),Partial Length,KdMAX,E713/D1014
RET(M918T),ret proto-oncogene,TK,Human,NP_065681.1,Mutation (M918T),Partial Length,scanMAX,E713/D1014
RET(V804E),ret proto-oncogene,TK,Human,NP_065681.1,Mutation(V804E),Partial Length,KdMAX,E713/D1014
RET(V804L),ret proto-oncogene,TK,Human,NP_065681.1,Mutation (V804L),Partial Length,scanMAX,E713/D1014
RET(V804M),ret proto-oncogene,TK,Human,NP_065681.1,Mutation (V804M),Partial Length,scanMAX,E713/D1014
RIOK1,RIO kinase 1 (yeast),Atypical,Human,NP_113668.2,Wild Type,Full Length,scanMAX,M1/K568
RIOK2,RIO kinase 2 (yeast),Atypical,Human,NP_060813.2,Wild Type,Partial Length,"scanMAX, scanEDGE",M1/D313
RIOK3,RIO kinase 3 (yeast),Atypical,Human,NP_003822.2,Wild Type,Full Length,scanMAX,M1/E519
RIPK1,receptor (TNFRSF)-interacting serine-threonine kinase 1,TKL,Human,NP_003795.2,Wild Type,Partial Length,scanMAX,M1/K305
RIPK2,receptor-interacting serine-threonine kinase 2,TKL,Human,NP_003812.1,Wild Type,Partial Length,scanMAX,M1/K310
RIPK3,receptor-interacting serine-threonine kinase 3,TKL,Human,NP_006862.2,Wild Type,Partial Length,KdMAX,M1/Q307
RIPK4,receptor-interacting serine-threonine kinase 4,TKL,Human,NP_065690.2,Wild Type,Partial Length,scanMAX,M1/V303
RIPK5,dual serine/threonine and tyrosine protein kinase,Other,Human,Q6XUX3.1,Wild Type,Full Length,scanMAX,M1/T929
ROCK1,"Rho-associated, coiled-coil containing protein kinase 1",AGC,Human,NP_005397.1,Wild Type,Partial Length,scanMAX,M1/R415
ROCK2,"Rho-associated, coiled-coil containing protein kinase 2",AGC,Human,NP_004841.2,Wild Type,Partial Length,"scanMAX, scanEDGE",M1/T431
ROS1,"c-ros oncogene 1 , receptor tyrosine kinase",TK,Human,NP_002935.2,Wild Type,Partial Length,scanMAX,A1921/N2240
RPS6KA4(Kin.Dom.1-N-terminal),"ribosomal protein S6 kinase, 90kDa, polypeptide 4",AGC,Human,NP_001006945.1,Wild Type,Partial Length,scanMAX,Null
RPS6KA4(Kin.Dom.2-C-terminal),"ribosomal protein S6 kinase, 90kDa, polypeptide 4",CAMK,Human,NP_003933.1,Wild Type,Partial Length,scanMAX,M375/T705
RPS6KA5(Kin.Dom.1-N-terminal),"ribosomal protein S6 kinase, 90kDa, polypeptide 5",AGC,Human,NP_872198.1,Wild Type,Partial Length,scanMAX,Null
RPS6KA5(Kin.Dom.2-C-terminal),"ribosomal protein S6 kinase, 90kDa, polypeptide 5",CAMK,Human,NP_004746.2,Wild Type,Partial Length,scanMAX,V390/T718
RSK1(Kin.Dom.1-N-terminal),"ribosomal protein S6 kinase, 90kDa, polypeptide 1",AGC,Human,NP_002944.2,Wild Type,Partial Length,scanMAX,M1/E388
RSK1(Kin.Dom.2-C-terminal),"ribosomal protein S6 kinase, 90kDa, polypeptide 1",CAMK,Human,NP_002944.2,Wild Type,Partial Length,scanMAX,P360/L681
RSK2(Kin.Dom.1-N-terminal),"ribosomal protein S6 kinase, 90kDa, polypeptide 3",AGC,Human,NP_004577.1,Wild Type,Partial Length,"scanMAX, scanEDGE",M1/D394
RSK2(Kin.Dom.2-C-terminal),ribosomal protein S6 kinase alpha-3,CAMK,Human,NP_004577.1,Wild Type,Partial Length,scanMAX,V402/S715
RSK3(Kin.Dom.1-N-terminal),"ribosomal protein S6 kinase, 90kDa, polypeptide 2",AGC,Human,NP_066958.2,Wild Type,Partial Length,scanMAX,M1/Q385
RSK3(Kin.Dom.2-C-terminal),"ribosomal protein S6 kinase, 90kDa, polypeptide 2",CAMK,Human,NP_001006933.1,Wild Type,Partial Length,scanMAX,V403/K700
RSK4(Kin.Dom.1-N-terminal),"ribosomal protein S6 kinase, 90kDa, polypeptide 6",AGC,Human,NP_055311.1,Wild Type,Partial Length,scanMAX,M1/E397
RSK4(Kin.Dom.2-C-terminal),"ribosomal protein S6 kinase, 90kDa, polypeptide 6",CAMK,Human,NP_055311.1,Wild Type,Partial Length,scanMAX,I401/Y711
S6K1,"ribosomal protein S6 kinase, 70kDa, polypeptide 1",AGC,Human,NP_003152.1,Wild Type,Partial Length,scanMAX,M1/S421
SBK1,SH3-binding domain kinase 1,Other,Human,NP_001019572.1,Wild Type,Partial Length,scanMAX,P23/P348
SGK,serum/glucocorticoid regulated kinase 1,AGC,Human,NP_005618.2,Wild Type,Partial Length,scanMAX,I60/L431
SgK110,Putative uncharacterized serine/threonine-protein kinase (Sugen kinase 110),Other,Human,P0C264.2,Wild Type,Partial Length,scanMAX,L22/R329
SGK2,serum/glucocorticoid regulated kinase 2,AGC,Human,NP_057360.2,Wild Type,Partial Length,scanMAX,L54/C427
SGK3,"serum/glucocorticoid regulated kinase family, member 3",AGC,Human,NP_037389.4,Wild Type,Partial Length,scanMAX,M119/L496
SIK,salt-inducible kinase 1,CAMK,Human,NP_775490.2,Wild Type,Partial Length,scanMAX,M1/Y304
SIK2,salt-inducible kinase 2,CAMK,Human,NP_056006.1,Wild Type,Full Length,scanMAX,M1/N926
SLK,STE20-like kinase (yeast),STE,Human,NP_055535.2,Wild Type,Partial Length,scanMAX,S14/A307
SNARK,"NUAK family, SNF1-like kinase, 2",CAMK,Human,NP_112214.1,Wild Type,Partial Length,"scanMAX, scanEDGE",P22/A333
SNRK,SNF related kinase,CAMK,Human,NP_060189.3,Wild Type,Partial Length,scanMAX,M1/E339
SRC,v-src sarcoma (Schmidt-Ruppin A-2) viral oncogene homolog (avian),TK,Human,NP_005408.1,Wild Type,Partial Length,"scanMAX, scanEDGE",L240/L536
SRMS,src-related kinase lacking C-terminal regulatory tyrosine and N-terminal myristylation sites,TK,Human,NP_543013.1,Wild Type,Partial Length,scanMAX,L208/P488
SRPK1,SFRS protein kinase 1,CMGC,Human,NP_003128.3,Wild Type,Full Length,scanMAX,M1/S655
SRPK2,SFRS protein kinase 2,CMGC,Human,AAC05299.1,Wild Type,Full Length,scanMAX,M1/S686
SRPK3,SFRS protein kinase 3,CMGC,Human,NP_055185.2,Wild Type,Partial Length,"scanMAX, scanEDGE",P41/P567
STK16,serine/threonine kinase 16,Other,Human,CAA06700.1,Wild Type,Partial Length,scanMAX,G11/I305
STK33,serine/threonine kinase 33,CAMK,Human,NP_112168.1,Wild Type,Full Length,scanMAX,M1/L514
STK35,serine/threonine kinase 35,Other,Human,NP_543026.2,Wild Type,Partial Length,scanMAX,G182/A534
STK36,"serine/threonine kinase 36, fused homolog (Drosophila)",Other,Human,NP_056505.1,Wild Type,Partial Length,scanMAX,M1/T271
STK39,"serine threonine kinase 39 (STE20/SPS1 homolog, yeast)",STE,Human,NP_037365.2,Wild Type,Partial Length,scanMAX,P43/I357
SYK,spleen tyrosine kinase,TK,Human,NP_003168.2,Wild Type,Partial Length,scanMAX,D354/N635
TAK1,mitogen-activated protein kinase kinase kinase 7,TKL,Human,NP_663304.1,Wild Type,Partial Length,scanMAX,M1/Q303
TAOK1,TAO kinase 1,STE,Human,NP_065842.1,Wild Type,Partial Length,scanMAX,M1/A320
TAOK2,TAO kinase 2,STE,Human,NP_057235.2,Wild Type,Partial Length,scanMAX,M1/A320
TAOK3,TAO kinase 3,STE,Human,NP_057365.2,Wild Type,Partial Length,scanMAX,M1/T316
TBK1,TANK-binding kinase 1,Other,Human,NP_037386.1,Wild Type,Full Length,scanMAX,M1/L729
TEC,tec protein tyrosine kinase,TK,Human,NP_003206.1,Wild Type,Partial Length,scanMAX,L341/D620
TESK1,testis-specific kinase 1,TKL,Human,NP_006276.2,Wild Type,Full Length,scanMAX,R37/S626
TGFBR1,"transforming growth factor, beta receptor 1",TKL,Human,NP_004603.1,Wild Type,Partial Length,"scanMAX, scanEDGE",D179/M503
TGFBR2,"transforming growth factor, beta receptor II (70/80kDa)",TKL,Human,NP_003233.4,Wild Type,Partial Length,scanMAX,I218/K567
TIE1,tyrosine kinase with immunoglobulin-like and EGF-like domains 1,TK,Human,NP_005415.1,Wild Type,Partial Length,scanMAX,T819/A1138
TIE2,"TEK tyrosine kinase, endothelial",TK,Human,NP_000450.2,Wild Type,Partial Length,"scanMAX, scanEDGE",N804/T1112
TLK1,tousled-like kinase 1,Other,Human,NP_036422.3,Wild Type,Partial Length,scanMAX,K447/A754
TLK2,tousled-like kinase 2,Other,Human,AAF03095.1,Wild Type,Partial Length,scanMAX,E424/N749
TNIK,TRAF2 and NCK interacting kinase,STE,Human,NP_055843.1,Wild Type,Partial Length,scanMAX,D4/K311
TNK1,"tyrosine kinase, non-receptor, 1",TK,Human,NP_003976.2,Wild Type,Full Length,scanMAX,M1/P661
TNK2,"tyrosine kinase, non-receptor, 2",TK,Human,NP_001010938.1,Wild Type,Partial Length,scanMAX,S159/D474
TNNI3K,TNNI3 interacting kinase,TKL,Human,NP_057062.1,Wild Type,Full Length,scanMAX,M1/S835
TRKA,"neurotrophic tyrosine kinase, receptor, type 1",TK,Human,NP_001012331.1,Wild Type,Partial Length,"scanMAX, scanEDGE",G475/G790
TRKB,"neurotrophic tyrosine kinase, receptor, type 2",TK,Human,NP_006171.2,Wild Type,Partial Length,scanMAX,Q547/G838
TRKC,"neurotrophic tyrosine kinase, receptor, type 3",TK,Human,AAA75374.1,Wild Type,Partial Length,scanMAX,Q531/G825
TRPM6,"transient receptor potential cation channel, subfamily M, member 6",Atypical,Human,NP_060132.3,Wild Type,Partial Length,scanMAX,Q1723/I1998
TSSK1B,testis-specific serine kinase 1B,CAMK,Human,NP_114417.1,Wild Type,Full Length,"scanMAX, scanEDGE",M1/Q367
TSSK3,testis-specific serine/threonine-protein kinase 3,CAMK,Human,NP_443073.1,Wild Type,Full Length,scanMAX,M1/T268
TTK,TTK protein kinase,Other,Human,NP_003309.2,Wild Type,Partial Length,scanMAX,N505/V798
TXK,TXK tyrosine kinase,TK,Human,NP_003319.2,Wild Type,Partial Length,scanMAX,L238/W527
TYK2(JH1domain-catalytic),tyrosine kinase 2,TK,Human,NP_003322.2,Wild Type,Partial Length,"scanMAX, scanEDGE",V877/C1187
TYK2(JH2domain-pseudokinase),tyrosine kinase 2,TK,Human,NP_003322.3,Wild Type,Partial Length,scanMAX,G556/D888
TYRO3,TYRO3 protein tyrosine kinase,TK,Human,NP_006284.2,Wild Type,Partial Length,scanMAX,S497/T814
ULK1,unc-51-like kinase 1 (C. elegans),Other,Human,NP_003556.1,Wild Type,Partial Length,scanMAX,M1/T309
ULK2,unc-51-like kinase 2 (C. elegans),Other,Human,NP_055498.3,Wild Type,Partial Length,"scanMAX, scanEDGE",M1/S301
ULK3,unc-51-like kinase 3 (C. elegans),Other,Human,NP_001092906.1,Wild Type,Partial Length,scanMAX,M1/Q290
VEGFR2,kinase insert domain receptor (a type III receptor tyrosine kinase),TK,Human,NP_002244.1,Wild Type,Partial Length,"scanMAX, scanEDGE",R787/P1253
VPS34,"phosphatidylinositol 3-kinase, catalytic subunit type 3",Lipid,Human,NP_002638.2 ,Wild Type,Partial Length,scanMAX,S282/H879
VRK2,vaccinia related kinase 2,CK1,Human,NP_006287.2,Wild Type,Partial Length,scanMAX,M1/T336
WEE1,WEE1 homolog (S. pombe),Other,Human,NP_003381.1,Wild Type,Partial Length,scanMAX,M291/K575
WEE2,WEE1 homolog 2 (S. pombe),Other,Human,NP_001099028.1,Wild Type,Partial Length,scanMAX,M204/K492
WNK1,WNK lysine deficient protein kinase 1,Other,Human,NP_061852.3,Wild Type,Partial Length,scanMAX,Q194/A490
WNK2,WNK lysine deficient protein kinase 2,Other,Human,NP_006639.3,Wild Type,Partial Length,scanMAX,V47/D482
WNK3,WNK lysine deficient protein kinase 3,Other,Human,NP_065973.2,Wild Type,Partial Length,scanMAX,M1/D434
WNK4,WNK lysine deficient protein kinase 4,Other,Human,NP_115763.2,Wild Type,Partial Length,scanMAX,A31/D461
YANK1,serine/threonine kinase 32A,AGC,Human,NP_001106195.1,Wild Type,Full Length,scanMAX,M1/L396
YANK2,serine/threonine kinase 32B,AGC,Human,NP_060871.1,Wild Type,Full Length,scanMAX,M1/S414
YANK3,serine/threonine kinase 32C,AGC,Human,NP_775846.2,Wild Type,Partial Length,"scanMAX, scanEDGE",M68/G486
YES,v-yes-1 Yamaguchi sarcoma viral oncogene homolog 1,TK,Human,NP_005424.1,Wild Type,Partial Length,scanMAX,T257/L543
YSK1,"serine/threonine kinase 25 (STE20 homolog, yeast)",STE,Human,NP_006365.2,Wild Type,Partial Length,scanMAX,V14/H295
YSK4,mitogen-activated protein kinase kinase kinase 19,STE,Human,NP_079328.3,Wild Type,Partial Length,scanMAX,T1019/H1328
ZAK,sterile alpha motif and leucine zipper containing kinase AZK ,TKL,Human,NP_598407.1,Wild Type,Partial Length,scanMAX,M1/L331
ZAP70,zeta-chain (TCR) associated protein kinase 70kDa,TK,Human,NP_997402.1,Wild Type,Partial Length,"scanMAX, scanEDGE",D20/G299
